"dataset"	"matrix_name"	"model_code"	"prefix"	"best_model"	"estimated_rates"	"estimated_gamma"	"estimated_state_frequencies"	"constraint_tree_hypothesis"	"constraint_tree_number"	"constraint_tree_id"	"constraint_tree_paths"	"hypothesis_tree_prefixes"	"alignment_path"	"iqtree_path"	"constraint_trees"	"num_threads"	"partitioned"	"partition_file"	"model_mrate"	"num_bootstraps"	"iqtree2_call"
"Borowiec2015"	"Best108"	"PMSF_C60"	"Borowiec2015.Best108.PMSF_C60"	"'C60+F+R4':Borowiec2015.Best108.PMSF_C60.ssfp.sitefreq"	"0.2857,0.0708,0.2625,0.4601,0.2849,1.3212,0.1670,2.8904"	NA	"State frequencies from model"	"Ctenophora-sister"	1	"Borowiec2015.Best108.PMSF_C60.ML_C1"	"/Users/caitlincherryh/Documents/C3_TreeMixtures_Sponges/04_output/constraint_trees/Borowiec2015.Best108.constraint_tree_1.nex"	"Borowiec2015.Best108.PMSF_C60.ML_H1"	"Borowiec2015.Best108.aa.alignment.phy"	"/Users/caitlincherryh/Documents/C3_TreeMixtures_Sponges/03_Software_IQ-Tree/iqtree-2.2.0-MacOSX/bin/iqtree2"	"((Salpingoeca, Monosiga), (Mnemiopsis, (Amphimedon, (Hydra, Acropora, Nematostella, Strongylocentrotus, Saccoglossus, Branchiostoma, Oikopleura, Ciona, Fugu, Gasterosteus, Latimeria, Xenopus, Homo, Gallus, Anolis, Capitella, Lottia, Pinctada, Caenorhabditis, Brugia, Tetranychus, Ixodes, Strigamia, Daphnia, Acyrthosiphon, Rhodnius, Apis, Bombus, Tribolium, Drosophila, Danaus))));"	15	FALSE	NA	NA	1000	"/Users/caitlincherryh/Documents/C3_TreeMixtures_Sponges/03_Software_IQ-Tree/iqtree-2.2.0-MacOSX/bin/iqtree2 -s Borowiec2015.Best108.aa.alignment.phy -m 'Borowiec2015.Best108.PMSF_C60.ssfp.sitefreq{0.2857,0.0708,0.2625,0.4601,0.2849,1.3212,0.1670,2.8904}' -bb 1000 -g /Users/caitlincherryh/Documents/C3_TreeMixtures_Sponges/04_output/constraint_trees/Borowiec2015.Best108.constraint_tree_1.nex -nt 15 -pre Borowiec2015.Best108.PMSF_C60.ML_H1 "
"Borowiec2015"	"Best108"	"PMSF_C60"	"Borowiec2015.Best108.PMSF_C60"	"'C60+F+R4':Borowiec2015.Best108.PMSF_C60.ssfp.sitefreq"	"0.2857,0.0708,0.2625,0.4601,0.2849,1.3212,0.1670,2.8904"	NA	"State frequencies from model"	"Porifera-sister"	2	"Borowiec2015.Best108.PMSF_C60.ML_C2"	"/Users/caitlincherryh/Documents/C3_TreeMixtures_Sponges/04_output/constraint_trees/Borowiec2015.Best108.constraint_tree_2.nex"	"Borowiec2015.Best108.PMSF_C60.ML_H2"	"Borowiec2015.Best108.aa.alignment.phy"	"/Users/caitlincherryh/Documents/C3_TreeMixtures_Sponges/03_Software_IQ-Tree/iqtree-2.2.0-MacOSX/bin/iqtree2"	"((Salpingoeca, Monosiga), (Amphimedon, (Mnemiopsis, (Hydra, Acropora, Nematostella, Strongylocentrotus, Saccoglossus, Branchiostoma, Oikopleura, Ciona, Fugu, Gasterosteus, Latimeria, Xenopus, Homo, Gallus, Anolis, Capitella, Lottia, Pinctada, Caenorhabditis, Brugia, Tetranychus, Ixodes, Strigamia, Daphnia, Acyrthosiphon, Rhodnius, Apis, Bombus, Tribolium, Drosophila, Danaus))));"	15	FALSE	NA	NA	1000	"/Users/caitlincherryh/Documents/C3_TreeMixtures_Sponges/03_Software_IQ-Tree/iqtree-2.2.0-MacOSX/bin/iqtree2 -s Borowiec2015.Best108.aa.alignment.phy -m 'Borowiec2015.Best108.PMSF_C60.ssfp.sitefreq{0.2857,0.0708,0.2625,0.4601,0.2849,1.3212,0.1670,2.8904}' -bb 1000 -g /Users/caitlincherryh/Documents/C3_TreeMixtures_Sponges/04_output/constraint_trees/Borowiec2015.Best108.constraint_tree_2.nex -nt 15 -pre Borowiec2015.Best108.PMSF_C60.ML_H2 "
"Borowiec2015"	"Best108"	"PMSF_C60"	"Borowiec2015.Best108.PMSF_C60"	"'C60+F+R4':Borowiec2015.Best108.PMSF_C60.ssfp.sitefreq"	"0.2857,0.0708,0.2625,0.4601,0.2849,1.3212,0.1670,2.8904"	NA	"State frequencies from model"	"(Ctenophora+Porifera)-sister"	3	"Borowiec2015.Best108.PMSF_C60.ML_C3"	"/Users/caitlincherryh/Documents/C3_TreeMixtures_Sponges/04_output/constraint_trees/Borowiec2015.Best108.constraint_tree_3.nex"	"Borowiec2015.Best108.PMSF_C60.ML_H3"	"Borowiec2015.Best108.aa.alignment.phy"	"/Users/caitlincherryh/Documents/C3_TreeMixtures_Sponges/03_Software_IQ-Tree/iqtree-2.2.0-MacOSX/bin/iqtree2"	"((Salpingoeca, Monosiga), ((Mnemiopsis, Amphimedon), (Hydra, Acropora, Nematostella, Strongylocentrotus, Saccoglossus, Branchiostoma, Oikopleura, Ciona, Fugu, Gasterosteus, Latimeria, Xenopus, Homo, Gallus, Anolis, Capitella, Lottia, Pinctada, Caenorhabditis, Brugia, Tetranychus, Ixodes, Strigamia, Daphnia, Acyrthosiphon, Rhodnius, Apis, Bombus, Tribolium, Drosophila, Danaus)));"	15	FALSE	NA	NA	1000	"/Users/caitlincherryh/Documents/C3_TreeMixtures_Sponges/03_Software_IQ-Tree/iqtree-2.2.0-MacOSX/bin/iqtree2 -s Borowiec2015.Best108.aa.alignment.phy -m 'Borowiec2015.Best108.PMSF_C60.ssfp.sitefreq{0.2857,0.0708,0.2625,0.4601,0.2849,1.3212,0.1670,2.8904}' -bb 1000 -g /Users/caitlincherryh/Documents/C3_TreeMixtures_Sponges/04_output/constraint_trees/Borowiec2015.Best108.constraint_tree_3.nex -nt 15 -pre Borowiec2015.Best108.PMSF_C60.ML_H3 "
"Dunn2008"	"Dunn2008_FixedNames"	"PMSF_C60"	"Dunn2008.Dunn2008_FixedNames.PMSF_C60"	"'C60+F+R4':Dunn2008.Dunn2008_FixedNames.PMSF_C60.ssfp.sitefreq"	"0.2770,0.0709,0.2693,0.4203,0.2641,1.2194,0.1896,2.8750"	NA	"State frequencies from model"	"Ctenophora-sister"	1	"Dunn2008.Dunn2008_FixedNames.PMSF_C60.ML_C1"	"/Users/caitlincherryh/Documents/C3_TreeMixtures_Sponges/04_output/constraint_trees/Dunn2008.Dunn2008_FixedNames.constraint_tree_1.nex"	"Dunn2008.Dunn2008_FixedNames.PMSF_C60.ML_H1"	"Dunn2008.Dunn2008_FixedNames.aa.alignment.fasta"	"/Users/caitlincherryh/Documents/C3_TreeMixtures_Sponges/03_Software_IQ-Tree/iqtree-2.2.0-MacOSX/bin/iqtree2"	"((Monosiga_ovata, Capsaspora_owczarzaki, Sphaeroforma_arctica, Saccharomyces_cerevisiae, Cryptococcus_neoformans, Amoebidium_parasiticum), ((Mertensiid_sp, Mnemiopsis_leidyi), (Oscarella_carmela, (Acropora_millepora, Nematostella_vectensis, Cyanea_capillata, Hydra_magnipapillata, Hydractinia_echinata, Acanthoscurria_gomesiana, Anoplodactylus_eroticus, Aplysia_californica, Argopecten_irradians, Asterina_pectinifera, Biomphalaria_glabrata, Boophilus_microplus, Branchiostoma_floridae, Capitella_sp, Carcinoscorpius_rotundicauda, Carcinus_maenas, Carinoma_mutabilis, Cerebratulus_lacteus, Chaetoderma_nitidulum, Chaetopleura_apiculata, Chaetopterus_variopedatus, Ciona_intestinalis, Crassostrea_virginica, Daphnia_magna, Drosophila_melanogaster, Dugesia_japonica, Echinococcus_granulosus, Echinoderes_horni, Euperipatoides_kanangrensis, Euprymna_scolopes, Fenneropenaeus_chinensis, Gallus_gallus, Haementeria_depressa, Homo_sapiens, Hypsibius_dujardini, Lumbricus_rubellus, Macrostomum_lignano, Mytilus_galloprovincialis, Paraplanocera_oligoglena, Phoronis_vancouverensis, Platynereis_dumerilii, Priapulus_caudatus, Ptychodera_flava, Richtersius_coronifer, Saccoglossus_kowalevskii, Schmidtea_mediterranea, Scutigera_coleoptrata, Spinochordodes_tellinii, Strongylocentrotus_purpuratus, Terebratalia_transversa, Themiste_lageniformis, Trichinella_spiralis, Urechis_caupo, Xenoturbella_bocki, Xiphinema_index))));"	15	FALSE	NA	NA	1000	"/Users/caitlincherryh/Documents/C3_TreeMixtures_Sponges/03_Software_IQ-Tree/iqtree-2.2.0-MacOSX/bin/iqtree2 -s Dunn2008.Dunn2008_FixedNames.aa.alignment.fasta -m 'Dunn2008.Dunn2008_FixedNames.PMSF_C60.ssfp.sitefreq{0.2770,0.0709,0.2693,0.4203,0.2641,1.2194,0.1896,2.8750}' -bb 1000 -g /Users/caitlincherryh/Documents/C3_TreeMixtures_Sponges/04_output/constraint_trees/Dunn2008.Dunn2008_FixedNames.constraint_tree_1.nex -nt 15 -pre Dunn2008.Dunn2008_FixedNames.PMSF_C60.ML_H1 "
"Dunn2008"	"Dunn2008_FixedNames"	"PMSF_C60"	"Dunn2008.Dunn2008_FixedNames.PMSF_C60"	"'C60+F+R4':Dunn2008.Dunn2008_FixedNames.PMSF_C60.ssfp.sitefreq"	"0.2770,0.0709,0.2693,0.4203,0.2641,1.2194,0.1896,2.8750"	NA	"State frequencies from model"	"Porifera-sister"	2	"Dunn2008.Dunn2008_FixedNames.PMSF_C60.ML_C2"	"/Users/caitlincherryh/Documents/C3_TreeMixtures_Sponges/04_output/constraint_trees/Dunn2008.Dunn2008_FixedNames.constraint_tree_2.nex"	"Dunn2008.Dunn2008_FixedNames.PMSF_C60.ML_H2"	"Dunn2008.Dunn2008_FixedNames.aa.alignment.fasta"	"/Users/caitlincherryh/Documents/C3_TreeMixtures_Sponges/03_Software_IQ-Tree/iqtree-2.2.0-MacOSX/bin/iqtree2"	"((Monosiga_ovata, Capsaspora_owczarzaki, Sphaeroforma_arctica, Saccharomyces_cerevisiae, Cryptococcus_neoformans, Amoebidium_parasiticum), (Oscarella_carmela, ((Mertensiid_sp, Mnemiopsis_leidyi), (Acropora_millepora, Nematostella_vectensis, Cyanea_capillata, Hydra_magnipapillata, Hydractinia_echinata, Acanthoscurria_gomesiana, Anoplodactylus_eroticus, Aplysia_californica, Argopecten_irradians, Asterina_pectinifera, Biomphalaria_glabrata, Boophilus_microplus, Branchiostoma_floridae, Capitella_sp, Carcinoscorpius_rotundicauda, Carcinus_maenas, Carinoma_mutabilis, Cerebratulus_lacteus, Chaetoderma_nitidulum, Chaetopleura_apiculata, Chaetopterus_variopedatus, Ciona_intestinalis, Crassostrea_virginica, Daphnia_magna, Drosophila_melanogaster, Dugesia_japonica, Echinococcus_granulosus, Echinoderes_horni, Euperipatoides_kanangrensis, Euprymna_scolopes, Fenneropenaeus_chinensis, Gallus_gallus, Haementeria_depressa, Homo_sapiens, Hypsibius_dujardini, Lumbricus_rubellus, Macrostomum_lignano, Mytilus_galloprovincialis, Paraplanocera_oligoglena, Phoronis_vancouverensis, Platynereis_dumerilii, Priapulus_caudatus, Ptychodera_flava, Richtersius_coronifer, Saccoglossus_kowalevskii, Schmidtea_mediterranea, Scutigera_coleoptrata, Spinochordodes_tellinii, Strongylocentrotus_purpuratus, Terebratalia_transversa, Themiste_lageniformis, Trichinella_spiralis, Urechis_caupo, Xenoturbella_bocki, Xiphinema_index))));"	15	FALSE	NA	NA	1000	"/Users/caitlincherryh/Documents/C3_TreeMixtures_Sponges/03_Software_IQ-Tree/iqtree-2.2.0-MacOSX/bin/iqtree2 -s Dunn2008.Dunn2008_FixedNames.aa.alignment.fasta -m 'Dunn2008.Dunn2008_FixedNames.PMSF_C60.ssfp.sitefreq{0.2770,0.0709,0.2693,0.4203,0.2641,1.2194,0.1896,2.8750}' -bb 1000 -g /Users/caitlincherryh/Documents/C3_TreeMixtures_Sponges/04_output/constraint_trees/Dunn2008.Dunn2008_FixedNames.constraint_tree_2.nex -nt 15 -pre Dunn2008.Dunn2008_FixedNames.PMSF_C60.ML_H2 "
"Dunn2008"	"Dunn2008_FixedNames"	"PMSF_C60"	"Dunn2008.Dunn2008_FixedNames.PMSF_C60"	"'C60+F+R4':Dunn2008.Dunn2008_FixedNames.PMSF_C60.ssfp.sitefreq"	"0.2770,0.0709,0.2693,0.4203,0.2641,1.2194,0.1896,2.8750"	NA	"State frequencies from model"	"(Ctenophora+Porifera)-sister"	3	"Dunn2008.Dunn2008_FixedNames.PMSF_C60.ML_C3"	"/Users/caitlincherryh/Documents/C3_TreeMixtures_Sponges/04_output/constraint_trees/Dunn2008.Dunn2008_FixedNames.constraint_tree_3.nex"	"Dunn2008.Dunn2008_FixedNames.PMSF_C60.ML_H3"	"Dunn2008.Dunn2008_FixedNames.aa.alignment.fasta"	"/Users/caitlincherryh/Documents/C3_TreeMixtures_Sponges/03_Software_IQ-Tree/iqtree-2.2.0-MacOSX/bin/iqtree2"	"((Monosiga_ovata, Capsaspora_owczarzaki, Sphaeroforma_arctica, Saccharomyces_cerevisiae, Cryptococcus_neoformans, Amoebidium_parasiticum), (((Mertensiid_sp, Mnemiopsis_leidyi), Oscarella_carmela), (Acropora_millepora, Nematostella_vectensis, Cyanea_capillata, Hydra_magnipapillata, Hydractinia_echinata, Acanthoscurria_gomesiana, Anoplodactylus_eroticus, Aplysia_californica, Argopecten_irradians, Asterina_pectinifera, Biomphalaria_glabrata, Boophilus_microplus, Branchiostoma_floridae, Capitella_sp, Carcinoscorpius_rotundicauda, Carcinus_maenas, Carinoma_mutabilis, Cerebratulus_lacteus, Chaetoderma_nitidulum, Chaetopleura_apiculata, Chaetopterus_variopedatus, Ciona_intestinalis, Crassostrea_virginica, Daphnia_magna, Drosophila_melanogaster, Dugesia_japonica, Echinococcus_granulosus, Echinoderes_horni, Euperipatoides_kanangrensis, Euprymna_scolopes, Fenneropenaeus_chinensis, Gallus_gallus, Haementeria_depressa, Homo_sapiens, Hypsibius_dujardini, Lumbricus_rubellus, Macrostomum_lignano, Mytilus_galloprovincialis, Paraplanocera_oligoglena, Phoronis_vancouverensis, Platynereis_dumerilii, Priapulus_caudatus, Ptychodera_flava, Richtersius_coronifer, Saccoglossus_kowalevskii, Schmidtea_mediterranea, Scutigera_coleoptrata, Spinochordodes_tellinii, Strongylocentrotus_purpuratus, Terebratalia_transversa, Themiste_lageniformis, Trichinella_spiralis, Urechis_caupo, Xenoturbella_bocki, Xiphinema_index)));"	15	FALSE	NA	NA	1000	"/Users/caitlincherryh/Documents/C3_TreeMixtures_Sponges/03_Software_IQ-Tree/iqtree-2.2.0-MacOSX/bin/iqtree2 -s Dunn2008.Dunn2008_FixedNames.aa.alignment.fasta -m 'Dunn2008.Dunn2008_FixedNames.PMSF_C60.ssfp.sitefreq{0.2770,0.0709,0.2693,0.4203,0.2641,1.2194,0.1896,2.8750}' -bb 1000 -g /Users/caitlincherryh/Documents/C3_TreeMixtures_Sponges/04_output/constraint_trees/Dunn2008.Dunn2008_FixedNames.constraint_tree_3.nex -nt 15 -pre Dunn2008.Dunn2008_FixedNames.PMSF_C60.ML_H3 "
"Moroz2014"	"ED3d"	"PMSF_C60"	"Moroz2014.ED3d.PMSF_C60"	"'C60+F+R4':Moroz2014.ED3d.PMSF_C60.ssfp.sitefreq"	"0.3191,0.0831,0.2800,0.4603,0.2474,1.4090,0.1535,3.2309"	NA	"State frequencies from model"	"Ctenophora-sister"	1	"Moroz2014.ED3d.PMSF_C60.ML_C1"	"/Users/caitlincherryh/Documents/C3_TreeMixtures_Sponges/04_output/constraint_trees/Moroz2014.ED3d.constraint_tree_1.nex"	"Moroz2014.ED3d.PMSF_C60.ML_H1"	"Moroz2014.ED3d.aa.alignment.phy"	"/Users/caitlincherryh/Documents/C3_TreeMixtures_Sponges/03_Software_IQ-Tree/iqtree-2.2.0-MacOSX/bin/iqtree2"	"((MOVA, MBRE, SROS), ((PBAC, PPIL, MERT, BINF, COEL, EDUN, VALL, DGLA, MLEI, BCUC, PATL), ((AQUE, AVAS, CFOL, EMUE, HCAL, OMIN, OCAR, LCHA, SCOA), (AIPT, AVIR, CHEM, HVUL, NVEC, PCAR, PAST, HECH, ADIG, GVEN, BFLO, CINT, HSAP, SKOW, SPUR, ACAL, LGIG, CTEL, DPUL, DMEL, ISCA, CGIG))));"	15	FALSE	NA	NA	1000	"/Users/caitlincherryh/Documents/C3_TreeMixtures_Sponges/03_Software_IQ-Tree/iqtree-2.2.0-MacOSX/bin/iqtree2 -s Moroz2014.ED3d.aa.alignment.phy -m 'Moroz2014.ED3d.PMSF_C60.ssfp.sitefreq{0.3191,0.0831,0.2800,0.4603,0.2474,1.4090,0.1535,3.2309}' -bb 1000 -g /Users/caitlincherryh/Documents/C3_TreeMixtures_Sponges/04_output/constraint_trees/Moroz2014.ED3d.constraint_tree_1.nex -nt 15 -pre Moroz2014.ED3d.PMSF_C60.ML_H1 "
"Moroz2014"	"ED3d"	"PMSF_C60"	"Moroz2014.ED3d.PMSF_C60"	"'C60+F+R4':Moroz2014.ED3d.PMSF_C60.ssfp.sitefreq"	"0.3191,0.0831,0.2800,0.4603,0.2474,1.4090,0.1535,3.2309"	NA	"State frequencies from model"	"Porifera-sister"	2	"Moroz2014.ED3d.PMSF_C60.ML_C2"	"/Users/caitlincherryh/Documents/C3_TreeMixtures_Sponges/04_output/constraint_trees/Moroz2014.ED3d.constraint_tree_2.nex"	"Moroz2014.ED3d.PMSF_C60.ML_H2"	"Moroz2014.ED3d.aa.alignment.phy"	"/Users/caitlincherryh/Documents/C3_TreeMixtures_Sponges/03_Software_IQ-Tree/iqtree-2.2.0-MacOSX/bin/iqtree2"	"((MOVA, MBRE, SROS), ((AQUE, AVAS, CFOL, EMUE, HCAL, OMIN, OCAR, LCHA, SCOA), ((PBAC, PPIL, MERT, BINF, COEL, EDUN, VALL, DGLA, MLEI, BCUC, PATL), (AIPT, AVIR, CHEM, HVUL, NVEC, PCAR, PAST, HECH, ADIG, GVEN, BFLO, CINT, HSAP, SKOW, SPUR, ACAL, LGIG, CTEL, DPUL, DMEL, ISCA, CGIG))));"	15	FALSE	NA	NA	1000	"/Users/caitlincherryh/Documents/C3_TreeMixtures_Sponges/03_Software_IQ-Tree/iqtree-2.2.0-MacOSX/bin/iqtree2 -s Moroz2014.ED3d.aa.alignment.phy -m 'Moroz2014.ED3d.PMSF_C60.ssfp.sitefreq{0.3191,0.0831,0.2800,0.4603,0.2474,1.4090,0.1535,3.2309}' -bb 1000 -g /Users/caitlincherryh/Documents/C3_TreeMixtures_Sponges/04_output/constraint_trees/Moroz2014.ED3d.constraint_tree_2.nex -nt 15 -pre Moroz2014.ED3d.PMSF_C60.ML_H2 "
"Moroz2014"	"ED3d"	"PMSF_C60"	"Moroz2014.ED3d.PMSF_C60"	"'C60+F+R4':Moroz2014.ED3d.PMSF_C60.ssfp.sitefreq"	"0.3191,0.0831,0.2800,0.4603,0.2474,1.4090,0.1535,3.2309"	NA	"State frequencies from model"	"(Ctenophora+Porifera)-sister"	3	"Moroz2014.ED3d.PMSF_C60.ML_C3"	"/Users/caitlincherryh/Documents/C3_TreeMixtures_Sponges/04_output/constraint_trees/Moroz2014.ED3d.constraint_tree_3.nex"	"Moroz2014.ED3d.PMSF_C60.ML_H3"	"Moroz2014.ED3d.aa.alignment.phy"	"/Users/caitlincherryh/Documents/C3_TreeMixtures_Sponges/03_Software_IQ-Tree/iqtree-2.2.0-MacOSX/bin/iqtree2"	"((MOVA, MBRE, SROS), (((PBAC, PPIL, MERT, BINF, COEL, EDUN, VALL, DGLA, MLEI, BCUC, PATL), (AQUE, AVAS, CFOL, EMUE, HCAL, OMIN, OCAR, LCHA, SCOA)), (AIPT, AVIR, CHEM, HVUL, NVEC, PCAR, PAST, HECH, ADIG, GVEN, BFLO, CINT, HSAP, SKOW, SPUR, ACAL, LGIG, CTEL, DPUL, DMEL, ISCA, CGIG)));"	15	FALSE	NA	NA	1000	"/Users/caitlincherryh/Documents/C3_TreeMixtures_Sponges/03_Software_IQ-Tree/iqtree-2.2.0-MacOSX/bin/iqtree2 -s Moroz2014.ED3d.aa.alignment.phy -m 'Moroz2014.ED3d.PMSF_C60.ssfp.sitefreq{0.3191,0.0831,0.2800,0.4603,0.2474,1.4090,0.1535,3.2309}' -bb 1000 -g /Users/caitlincherryh/Documents/C3_TreeMixtures_Sponges/04_output/constraint_trees/Moroz2014.ED3d.constraint_tree_3.nex -nt 15 -pre Moroz2014.ED3d.PMSF_C60.ML_H3 "
"Moroz2014"	"ED3d"	"PMSF_C60"	"Moroz2014.ED3d.PMSF_C60"	"'C60+F+R4':Moroz2014.ED3d.PMSF_C60.ssfp.sitefreq"	"0.3191,0.0831,0.2800,0.4603,0.2474,1.4090,0.1535,3.2309"	NA	"State frequencies from model"	"Ctenophora-sister (Paraphyletic sponges)"	4	"Moroz2014.ED3d.PMSF_C60.ML_C4"	"/Users/caitlincherryh/Documents/C3_TreeMixtures_Sponges/04_output/constraint_trees/Moroz2014.ED3d.constraint_tree_4.nex"	"Moroz2014.ED3d.PMSF_C60.ML_H4"	"Moroz2014.ED3d.aa.alignment.phy"	"/Users/caitlincherryh/Documents/C3_TreeMixtures_Sponges/03_Software_IQ-Tree/iqtree-2.2.0-MacOSX/bin/iqtree2"	"((MOVA, MBRE, SROS), ((PBAC, PPIL, MERT, BINF, COEL, EDUN, VALL, DGLA, MLEI, BCUC, PATL), ((LCHA, SCOA, OCAR), ((AVAS, OMIN, AQUE, CFOL, EMUE), (AIPT, AVIR, CHEM, HVUL, NVEC, PCAR, PAST, HECH, ADIG, GVEN, BFLO, CINT, HSAP, SKOW, SPUR, ACAL, LGIG, CTEL, DPUL, DMEL, ISCA, CGIG)))));"	15	FALSE	NA	NA	1000	"/Users/caitlincherryh/Documents/C3_TreeMixtures_Sponges/03_Software_IQ-Tree/iqtree-2.2.0-MacOSX/bin/iqtree2 -s Moroz2014.ED3d.aa.alignment.phy -m 'Moroz2014.ED3d.PMSF_C60.ssfp.sitefreq{0.3191,0.0831,0.2800,0.4603,0.2474,1.4090,0.1535,3.2309}' -bb 1000 -g /Users/caitlincherryh/Documents/C3_TreeMixtures_Sponges/04_output/constraint_trees/Moroz2014.ED3d.constraint_tree_4.nex -nt 15 -pre Moroz2014.ED3d.PMSF_C60.ML_H4 "
"Moroz2014"	"ED3d"	"PMSF_C60"	"Moroz2014.ED3d.PMSF_C60"	"'C60+F+R4':Moroz2014.ED3d.PMSF_C60.ssfp.sitefreq"	"0.3191,0.0831,0.2800,0.4603,0.2474,1.4090,0.1535,3.2309"	NA	"State frequencies from model"	"Porifera-sister (Paraphyletic sponges)"	5	"Moroz2014.ED3d.PMSF_C60.ML_C5"	"/Users/caitlincherryh/Documents/C3_TreeMixtures_Sponges/04_output/constraint_trees/Moroz2014.ED3d.constraint_tree_5.nex"	"Moroz2014.ED3d.PMSF_C60.ML_H5"	"Moroz2014.ED3d.aa.alignment.phy"	"/Users/caitlincherryh/Documents/C3_TreeMixtures_Sponges/03_Software_IQ-Tree/iqtree-2.2.0-MacOSX/bin/iqtree2"	"((MOVA, MBRE, SROS), ((LCHA, SCOA, OCAR), ((AVAS, OMIN, AQUE, CFOL, EMUE), ((PBAC, PPIL, MERT, BINF, COEL, EDUN, VALL, DGLA, MLEI, BCUC, PATL), (AIPT, AVIR, CHEM, HVUL, NVEC, PCAR, PAST, HECH, ADIG, GVEN, BFLO, CINT, HSAP, SKOW, SPUR, ACAL, LGIG, CTEL, DPUL, DMEL, ISCA, CGIG)))));"	15	FALSE	NA	NA	1000	"/Users/caitlincherryh/Documents/C3_TreeMixtures_Sponges/03_Software_IQ-Tree/iqtree-2.2.0-MacOSX/bin/iqtree2 -s Moroz2014.ED3d.aa.alignment.phy -m 'Moroz2014.ED3d.PMSF_C60.ssfp.sitefreq{0.3191,0.0831,0.2800,0.4603,0.2474,1.4090,0.1535,3.2309}' -bb 1000 -g /Users/caitlincherryh/Documents/C3_TreeMixtures_Sponges/04_output/constraint_trees/Moroz2014.ED3d.constraint_tree_5.nex -nt 15 -pre Moroz2014.ED3d.PMSF_C60.ML_H5 "
"Nosenko2013"	"nonribosomal_9187_smatrix"	"PMSF_C60"	"Nosenko2013.nonribosomal_9187_smatrix.PMSF_C60"	"'C60+F+R4':Nosenko2013.nonribosomal_9187_smatrix.PMSF_C60.ssfp.sitefreq"	"0.4420,0.0657,0.2392,0.5754,0.1971,1.7441,0.1217,4.0225"	NA	"State frequencies from model"	"Ctenophora-sister"	1	"Nosenko2013.nonribosomal_9187_smatrix.PMSF_C60.ML_C1"	"/Users/caitlincherryh/Documents/C3_TreeMixtures_Sponges/04_output/constraint_trees/Nosenko2013.nonribosomal_9187_smatrix.constraint_tree_1.nex"	"Nosenko2013.nonribosomal_9187_smatrix.PMSF_C60.ML_H1"	"Nosenko2013.nonribosomal_9187_smatrix.aa.alignment.phy"	"/Users/caitlincherryh/Documents/C3_TreeMixtures_Sponges/03_Software_IQ-Tree/iqtree-2.2.0-MacOSX/bin/iqtree2"	"((Monosig_ov, Protero_sp, Monosig_br, Allomyc_ma, Batrach_de, Phycomy_bl, Spizell_pu, Capsasp_ow, Amoebid_pa, Sphaero_ar), ((Mnemiop_le, Beroe_sp__, Mertens_sp, Pleurob_pi), ((Sycon_cili, Sycon_raph, Leucett_ch, Leucoso_sp, Oscarel_sp, Oscarel_lo, Oscarel_ca, Corticium_, Oopsacas_m, Heteroc_ca, Aphroca_va, Suberit_do, Asbesto_sp, Tethya_wil, Astrosc_wi, Lubomir_ba, Ephydat_mu, Pachydi_gl, Amphime_qu, Cratero_me, Carteri_fo), (Podocor_ca, Hydract_ec, Hydra_vulg, Hydra_magn, Clytia_hem, Nematos_ve, Metridi_se, Acropor_mi, Acropor_hy, Acropor_pa, Porites___, Cyanea_cap, Montast_fa, Petromy_ma, Danio_reri, Molgula_te, Ciona_inte, Branchi_fl, Saccogl_ko, Tubifex_tu, Helobde_ro, Capitel_sp, Crassos_gi, Aplysia_ca, Nasonia_vi, Daphnia_pu, Ixodes_sca, Anoplod_er, Euprymn_sc, Pedicel_ce, Pedicul_hu, Scutige_co, Strongy_pu, Xenotur_bo))));"	15	FALSE	NA	NA	1000	"/Users/caitlincherryh/Documents/C3_TreeMixtures_Sponges/03_Software_IQ-Tree/iqtree-2.2.0-MacOSX/bin/iqtree2 -s Nosenko2013.nonribosomal_9187_smatrix.aa.alignment.phy -m 'Nosenko2013.nonribosomal_9187_smatrix.PMSF_C60.ssfp.sitefreq{0.4420,0.0657,0.2392,0.5754,0.1971,1.7441,0.1217,4.0225}' -bb 1000 -g /Users/caitlincherryh/Documents/C3_TreeMixtures_Sponges/04_output/constraint_trees/Nosenko2013.nonribosomal_9187_smatrix.constraint_tree_1.nex -nt 15 -pre Nosenko2013.nonribosomal_9187_smatrix.PMSF_C60.ML_H1 "
"Nosenko2013"	"nonribosomal_9187_smatrix"	"PMSF_C60"	"Nosenko2013.nonribosomal_9187_smatrix.PMSF_C60"	"'C60+F+R4':Nosenko2013.nonribosomal_9187_smatrix.PMSF_C60.ssfp.sitefreq"	"0.4420,0.0657,0.2392,0.5754,0.1971,1.7441,0.1217,4.0225"	NA	"State frequencies from model"	"Porifera-sister"	2	"Nosenko2013.nonribosomal_9187_smatrix.PMSF_C60.ML_C2"	"/Users/caitlincherryh/Documents/C3_TreeMixtures_Sponges/04_output/constraint_trees/Nosenko2013.nonribosomal_9187_smatrix.constraint_tree_2.nex"	"Nosenko2013.nonribosomal_9187_smatrix.PMSF_C60.ML_H2"	"Nosenko2013.nonribosomal_9187_smatrix.aa.alignment.phy"	"/Users/caitlincherryh/Documents/C3_TreeMixtures_Sponges/03_Software_IQ-Tree/iqtree-2.2.0-MacOSX/bin/iqtree2"	"((Monosig_ov, Protero_sp, Monosig_br, Allomyc_ma, Batrach_de, Phycomy_bl, Spizell_pu, Capsasp_ow, Amoebid_pa, Sphaero_ar), ((Sycon_cili, Sycon_raph, Leucett_ch, Leucoso_sp, Oscarel_sp, Oscarel_lo, Oscarel_ca, Corticium_, Oopsacas_m, Heteroc_ca, Aphroca_va, Suberit_do, Asbesto_sp, Tethya_wil, Astrosc_wi, Lubomir_ba, Ephydat_mu, Pachydi_gl, Amphime_qu, Cratero_me, Carteri_fo), ((Mnemiop_le, Beroe_sp__, Mertens_sp, Pleurob_pi), (Podocor_ca, Hydract_ec, Hydra_vulg, Hydra_magn, Clytia_hem, Nematos_ve, Metridi_se, Acropor_mi, Acropor_hy, Acropor_pa, Porites___, Cyanea_cap, Montast_fa, Petromy_ma, Danio_reri, Molgula_te, Ciona_inte, Branchi_fl, Saccogl_ko, Tubifex_tu, Helobde_ro, Capitel_sp, Crassos_gi, Aplysia_ca, Nasonia_vi, Daphnia_pu, Ixodes_sca, Anoplod_er, Euprymn_sc, Pedicel_ce, Pedicul_hu, Scutige_co, Strongy_pu, Xenotur_bo))));"	15	FALSE	NA	NA	1000	"/Users/caitlincherryh/Documents/C3_TreeMixtures_Sponges/03_Software_IQ-Tree/iqtree-2.2.0-MacOSX/bin/iqtree2 -s Nosenko2013.nonribosomal_9187_smatrix.aa.alignment.phy -m 'Nosenko2013.nonribosomal_9187_smatrix.PMSF_C60.ssfp.sitefreq{0.4420,0.0657,0.2392,0.5754,0.1971,1.7441,0.1217,4.0225}' -bb 1000 -g /Users/caitlincherryh/Documents/C3_TreeMixtures_Sponges/04_output/constraint_trees/Nosenko2013.nonribosomal_9187_smatrix.constraint_tree_2.nex -nt 15 -pre Nosenko2013.nonribosomal_9187_smatrix.PMSF_C60.ML_H2 "
"Nosenko2013"	"nonribosomal_9187_smatrix"	"PMSF_C60"	"Nosenko2013.nonribosomal_9187_smatrix.PMSF_C60"	"'C60+F+R4':Nosenko2013.nonribosomal_9187_smatrix.PMSF_C60.ssfp.sitefreq"	"0.4420,0.0657,0.2392,0.5754,0.1971,1.7441,0.1217,4.0225"	NA	"State frequencies from model"	"(Ctenophora+Porifera)-sister"	3	"Nosenko2013.nonribosomal_9187_smatrix.PMSF_C60.ML_C3"	"/Users/caitlincherryh/Documents/C3_TreeMixtures_Sponges/04_output/constraint_trees/Nosenko2013.nonribosomal_9187_smatrix.constraint_tree_3.nex"	"Nosenko2013.nonribosomal_9187_smatrix.PMSF_C60.ML_H3"	"Nosenko2013.nonribosomal_9187_smatrix.aa.alignment.phy"	"/Users/caitlincherryh/Documents/C3_TreeMixtures_Sponges/03_Software_IQ-Tree/iqtree-2.2.0-MacOSX/bin/iqtree2"	"((Monosig_ov, Protero_sp, Monosig_br, Allomyc_ma, Batrach_de, Phycomy_bl, Spizell_pu, Capsasp_ow, Amoebid_pa, Sphaero_ar), (((Mnemiop_le, Beroe_sp__, Mertens_sp, Pleurob_pi), (Sycon_cili, Sycon_raph, Leucett_ch, Leucoso_sp, Oscarel_sp, Oscarel_lo, Oscarel_ca, Corticium_, Oopsacas_m, Heteroc_ca, Aphroca_va, Suberit_do, Asbesto_sp, Tethya_wil, Astrosc_wi, Lubomir_ba, Ephydat_mu, Pachydi_gl, Amphime_qu, Cratero_me, Carteri_fo)), (Podocor_ca, Hydract_ec, Hydra_vulg, Hydra_magn, Clytia_hem, Nematos_ve, Metridi_se, Acropor_mi, Acropor_hy, Acropor_pa, Porites___, Cyanea_cap, Montast_fa, Petromy_ma, Danio_reri, Molgula_te, Ciona_inte, Branchi_fl, Saccogl_ko, Tubifex_tu, Helobde_ro, Capitel_sp, Crassos_gi, Aplysia_ca, Nasonia_vi, Daphnia_pu, Ixodes_sca, Anoplod_er, Euprymn_sc, Pedicel_ce, Pedicul_hu, Scutige_co, Strongy_pu, Xenotur_bo)));"	15	FALSE	NA	NA	1000	"/Users/caitlincherryh/Documents/C3_TreeMixtures_Sponges/03_Software_IQ-Tree/iqtree-2.2.0-MacOSX/bin/iqtree2 -s Nosenko2013.nonribosomal_9187_smatrix.aa.alignment.phy -m 'Nosenko2013.nonribosomal_9187_smatrix.PMSF_C60.ssfp.sitefreq{0.4420,0.0657,0.2392,0.5754,0.1971,1.7441,0.1217,4.0225}' -bb 1000 -g /Users/caitlincherryh/Documents/C3_TreeMixtures_Sponges/04_output/constraint_trees/Nosenko2013.nonribosomal_9187_smatrix.constraint_tree_3.nex -nt 15 -pre Nosenko2013.nonribosomal_9187_smatrix.PMSF_C60.ML_H3 "
"Nosenko2013"	"nonribosomal_9187_smatrix"	"PMSF_C60"	"Nosenko2013.nonribosomal_9187_smatrix.PMSF_C60"	"'C60+F+R4':Nosenko2013.nonribosomal_9187_smatrix.PMSF_C60.ssfp.sitefreq"	"0.4420,0.0657,0.2392,0.5754,0.1971,1.7441,0.1217,4.0225"	NA	"State frequencies from model"	"Ctenophora-sister (Paraphyletic sponges)"	4	"Nosenko2013.nonribosomal_9187_smatrix.PMSF_C60.ML_C4"	"/Users/caitlincherryh/Documents/C3_TreeMixtures_Sponges/04_output/constraint_trees/Nosenko2013.nonribosomal_9187_smatrix.constraint_tree_4.nex"	"Nosenko2013.nonribosomal_9187_smatrix.PMSF_C60.ML_H4"	"Nosenko2013.nonribosomal_9187_smatrix.aa.alignment.phy"	"/Users/caitlincherryh/Documents/C3_TreeMixtures_Sponges/03_Software_IQ-Tree/iqtree-2.2.0-MacOSX/bin/iqtree2"	"((Monosig_ov, Protero_sp, Monosig_br, Allomyc_ma, Batrach_de, Phycomy_bl, Spizell_pu, Capsasp_ow, Amoebid_pa, Sphaero_ar), ((Mnemiop_le, Beroe_sp__, Mertens_sp, Pleurob_pi), ((Sycon_cili, Sycon_raph, Leucett_ch, Leucoso_sp, Oscarel_sp, Oscarel_lo, Oscarel_ca, Corticium_), ((Cratero_me, Oopsacas_m, Heteroc_ca, Aphroca_va, Suberit_do, Asbesto_sp, Tethya_wil, Astrosc_wi, Lubomir_ba, Ephydat_mu, Pachydi_gl, Amphime_qu, Carteri_fo), (Podocor_ca, Hydract_ec, Hydra_vulg, Hydra_magn, Clytia_hem, Nematos_ve, Metridi_se, Acropor_mi, Acropor_hy, Acropor_pa, Porites___, Cyanea_cap, Montast_fa, Petromy_ma, Danio_reri, Molgula_te, Ciona_inte, Branchi_fl, Saccogl_ko, Tubifex_tu, Helobde_ro, Capitel_sp, Crassos_gi, Aplysia_ca, Nasonia_vi, Daphnia_pu, Ixodes_sca, Anoplod_er, Euprymn_sc, Pedicel_ce, Pedicul_hu, Scutige_co, Strongy_pu, Xenotur_bo)))));"	15	FALSE	NA	NA	1000	"/Users/caitlincherryh/Documents/C3_TreeMixtures_Sponges/03_Software_IQ-Tree/iqtree-2.2.0-MacOSX/bin/iqtree2 -s Nosenko2013.nonribosomal_9187_smatrix.aa.alignment.phy -m 'Nosenko2013.nonribosomal_9187_smatrix.PMSF_C60.ssfp.sitefreq{0.4420,0.0657,0.2392,0.5754,0.1971,1.7441,0.1217,4.0225}' -bb 1000 -g /Users/caitlincherryh/Documents/C3_TreeMixtures_Sponges/04_output/constraint_trees/Nosenko2013.nonribosomal_9187_smatrix.constraint_tree_4.nex -nt 15 -pre Nosenko2013.nonribosomal_9187_smatrix.PMSF_C60.ML_H4 "
"Nosenko2013"	"nonribosomal_9187_smatrix"	"PMSF_C60"	"Nosenko2013.nonribosomal_9187_smatrix.PMSF_C60"	"'C60+F+R4':Nosenko2013.nonribosomal_9187_smatrix.PMSF_C60.ssfp.sitefreq"	"0.4420,0.0657,0.2392,0.5754,0.1971,1.7441,0.1217,4.0225"	NA	"State frequencies from model"	"Porifera-sister (Paraphyletic sponges)"	5	"Nosenko2013.nonribosomal_9187_smatrix.PMSF_C60.ML_C5"	"/Users/caitlincherryh/Documents/C3_TreeMixtures_Sponges/04_output/constraint_trees/Nosenko2013.nonribosomal_9187_smatrix.constraint_tree_5.nex"	"Nosenko2013.nonribosomal_9187_smatrix.PMSF_C60.ML_H5"	"Nosenko2013.nonribosomal_9187_smatrix.aa.alignment.phy"	"/Users/caitlincherryh/Documents/C3_TreeMixtures_Sponges/03_Software_IQ-Tree/iqtree-2.2.0-MacOSX/bin/iqtree2"	"((Monosig_ov, Protero_sp, Monosig_br, Allomyc_ma, Batrach_de, Phycomy_bl, Spizell_pu, Capsasp_ow, Amoebid_pa, Sphaero_ar), ((Sycon_cili, Sycon_raph, Leucett_ch, Leucoso_sp, Oscarel_sp, Oscarel_lo, Oscarel_ca, Corticium_), ((Cratero_me, Oopsacas_m, Heteroc_ca, Aphroca_va, Suberit_do, Asbesto_sp, Tethya_wil, Astrosc_wi, Lubomir_ba, Ephydat_mu, Pachydi_gl, Amphime_qu, Carteri_fo), ((Mnemiop_le, Beroe_sp__, Mertens_sp, Pleurob_pi), (Podocor_ca, Hydract_ec, Hydra_vulg, Hydra_magn, Clytia_hem, Nematos_ve, Metridi_se, Acropor_mi, Acropor_hy, Acropor_pa, Porites___, Cyanea_cap, Montast_fa, Petromy_ma, Danio_reri, Molgula_te, Ciona_inte, Branchi_fl, Saccogl_ko, Tubifex_tu, Helobde_ro, Capitel_sp, Crassos_gi, Aplysia_ca, Nasonia_vi, Daphnia_pu, Ixodes_sca, Anoplod_er, Euprymn_sc, Pedicel_ce, Pedicul_hu, Scutige_co, Strongy_pu, Xenotur_bo)))));"	15	FALSE	NA	NA	1000	"/Users/caitlincherryh/Documents/C3_TreeMixtures_Sponges/03_Software_IQ-Tree/iqtree-2.2.0-MacOSX/bin/iqtree2 -s Nosenko2013.nonribosomal_9187_smatrix.aa.alignment.phy -m 'Nosenko2013.nonribosomal_9187_smatrix.PMSF_C60.ssfp.sitefreq{0.4420,0.0657,0.2392,0.5754,0.1971,1.7441,0.1217,4.0225}' -bb 1000 -g /Users/caitlincherryh/Documents/C3_TreeMixtures_Sponges/04_output/constraint_trees/Nosenko2013.nonribosomal_9187_smatrix.constraint_tree_5.nex -nt 15 -pre Nosenko2013.nonribosomal_9187_smatrix.PMSF_C60.ML_H5 "
"Nosenko2013"	"ribosomal_14615_smatrix"	"PMSF_C60"	"Nosenko2013.ribosomal_14615_smatrix.PMSF_C60"	"'C60+F+R4':Nosenko2013.ribosomal_14615_smatrix.PMSF_C60.ssfp.sitefreq"	"0.3960,0.0917,0.2450,0.5574,0.2293,1.5905,0.1297,3.5653"	NA	"State frequencies from model"	"Ctenophora-sister"	1	"Nosenko2013.ribosomal_14615_smatrix.PMSF_C60.ML_C1"	"/Users/caitlincherryh/Documents/C3_TreeMixtures_Sponges/04_output/constraint_trees/Nosenko2013.ribosomal_14615_smatrix.constraint_tree_1.nex"	"Nosenko2013.ribosomal_14615_smatrix.PMSF_C60.ML_H1"	"Nosenko2013.ribosomal_14615_smatrix.aa.alignment.phy"	"/Users/caitlincherryh/Documents/C3_TreeMixtures_Sponges/03_Software_IQ-Tree/iqtree-2.2.0-MacOSX/bin/iqtree2"	"((Monosig_ov, Protero_sp, Monosig_br, Allomyc_ma, Batrach_de, Phycomy_bl, Spizell_pu, Capsasp_ow, Amoebid_pa, Sphaero_ar), ((Mnemiop_le, Beroe_sp__, Mertens_sp, Pleurob_pi), ((Sycon_raph, Leucett_ch, Leucoso_sp, Oscarel_sp, Oscarel_lo, Oscarel_ca, Corticium_, Oopsacas_m, Heteroc_ca, Aphroca_va, Suberit_do, Suberit_fu, Asbesto_sp, Tethya_wil, Astrosc_wi, Lubomir_ba, Ephydat_mu, Pachydi_gl, Amphime_qu, Cratero_me, Carteri_fo), (Podocor_ca, Hydract_ec, Hydra_vulg, Hydra_magn, Clytia_hem, Nematos_ve, Metridi_se, Acropor_mi, Acropor_hy, Acropor_pa, Porites___, Cyanea_cap, Montast_fa, Petromy_ma, Danio_reri, Molgula_te, Ciona_inte, Branchi_fl, Saccogl_ko, Tubifex_tu, Helobde_ro, Capitel_sp, Crassos_gi, Aplysia_ca, Nasonia_vi, Daphnia_pu, Ixodes_sca, Anoplod_er, Euprymn_sc, Pedicel_ce, Pedicul_hu, Scutige_co, Strongy_pu, Xenotur_bo))));"	15	FALSE	NA	NA	1000	"/Users/caitlincherryh/Documents/C3_TreeMixtures_Sponges/03_Software_IQ-Tree/iqtree-2.2.0-MacOSX/bin/iqtree2 -s Nosenko2013.ribosomal_14615_smatrix.aa.alignment.phy -m 'Nosenko2013.ribosomal_14615_smatrix.PMSF_C60.ssfp.sitefreq{0.3960,0.0917,0.2450,0.5574,0.2293,1.5905,0.1297,3.5653}' -bb 1000 -g /Users/caitlincherryh/Documents/C3_TreeMixtures_Sponges/04_output/constraint_trees/Nosenko2013.ribosomal_14615_smatrix.constraint_tree_1.nex -nt 15 -pre Nosenko2013.ribosomal_14615_smatrix.PMSF_C60.ML_H1 "
"Nosenko2013"	"ribosomal_14615_smatrix"	"PMSF_C60"	"Nosenko2013.ribosomal_14615_smatrix.PMSF_C60"	"'C60+F+R4':Nosenko2013.ribosomal_14615_smatrix.PMSF_C60.ssfp.sitefreq"	"0.3960,0.0917,0.2450,0.5574,0.2293,1.5905,0.1297,3.5653"	NA	"State frequencies from model"	"Porifera-sister"	2	"Nosenko2013.ribosomal_14615_smatrix.PMSF_C60.ML_C2"	"/Users/caitlincherryh/Documents/C3_TreeMixtures_Sponges/04_output/constraint_trees/Nosenko2013.ribosomal_14615_smatrix.constraint_tree_2.nex"	"Nosenko2013.ribosomal_14615_smatrix.PMSF_C60.ML_H2"	"Nosenko2013.ribosomal_14615_smatrix.aa.alignment.phy"	"/Users/caitlincherryh/Documents/C3_TreeMixtures_Sponges/03_Software_IQ-Tree/iqtree-2.2.0-MacOSX/bin/iqtree2"	"((Monosig_ov, Protero_sp, Monosig_br, Allomyc_ma, Batrach_de, Phycomy_bl, Spizell_pu, Capsasp_ow, Amoebid_pa, Sphaero_ar), ((Sycon_raph, Leucett_ch, Leucoso_sp, Oscarel_sp, Oscarel_lo, Oscarel_ca, Corticium_, Oopsacas_m, Heteroc_ca, Aphroca_va, Suberit_do, Suberit_fu, Asbesto_sp, Tethya_wil, Astrosc_wi, Lubomir_ba, Ephydat_mu, Pachydi_gl, Amphime_qu, Cratero_me, Carteri_fo), ((Mnemiop_le, Beroe_sp__, Mertens_sp, Pleurob_pi), (Podocor_ca, Hydract_ec, Hydra_vulg, Hydra_magn, Clytia_hem, Nematos_ve, Metridi_se, Acropor_mi, Acropor_hy, Acropor_pa, Porites___, Cyanea_cap, Montast_fa, Petromy_ma, Danio_reri, Molgula_te, Ciona_inte, Branchi_fl, Saccogl_ko, Tubifex_tu, Helobde_ro, Capitel_sp, Crassos_gi, Aplysia_ca, Nasonia_vi, Daphnia_pu, Ixodes_sca, Anoplod_er, Euprymn_sc, Pedicel_ce, Pedicul_hu, Scutige_co, Strongy_pu, Xenotur_bo))));"	15	FALSE	NA	NA	1000	"/Users/caitlincherryh/Documents/C3_TreeMixtures_Sponges/03_Software_IQ-Tree/iqtree-2.2.0-MacOSX/bin/iqtree2 -s Nosenko2013.ribosomal_14615_smatrix.aa.alignment.phy -m 'Nosenko2013.ribosomal_14615_smatrix.PMSF_C60.ssfp.sitefreq{0.3960,0.0917,0.2450,0.5574,0.2293,1.5905,0.1297,3.5653}' -bb 1000 -g /Users/caitlincherryh/Documents/C3_TreeMixtures_Sponges/04_output/constraint_trees/Nosenko2013.ribosomal_14615_smatrix.constraint_tree_2.nex -nt 15 -pre Nosenko2013.ribosomal_14615_smatrix.PMSF_C60.ML_H2 "
"Nosenko2013"	"ribosomal_14615_smatrix"	"PMSF_C60"	"Nosenko2013.ribosomal_14615_smatrix.PMSF_C60"	"'C60+F+R4':Nosenko2013.ribosomal_14615_smatrix.PMSF_C60.ssfp.sitefreq"	"0.3960,0.0917,0.2450,0.5574,0.2293,1.5905,0.1297,3.5653"	NA	"State frequencies from model"	"(Ctenophora+Porifera)-sister"	3	"Nosenko2013.ribosomal_14615_smatrix.PMSF_C60.ML_C3"	"/Users/caitlincherryh/Documents/C3_TreeMixtures_Sponges/04_output/constraint_trees/Nosenko2013.ribosomal_14615_smatrix.constraint_tree_3.nex"	"Nosenko2013.ribosomal_14615_smatrix.PMSF_C60.ML_H3"	"Nosenko2013.ribosomal_14615_smatrix.aa.alignment.phy"	"/Users/caitlincherryh/Documents/C3_TreeMixtures_Sponges/03_Software_IQ-Tree/iqtree-2.2.0-MacOSX/bin/iqtree2"	"((Monosig_ov, Protero_sp, Monosig_br, Allomyc_ma, Batrach_de, Phycomy_bl, Spizell_pu, Capsasp_ow, Amoebid_pa, Sphaero_ar), (((Mnemiop_le, Beroe_sp__, Mertens_sp, Pleurob_pi), (Sycon_raph, Leucett_ch, Leucoso_sp, Oscarel_sp, Oscarel_lo, Oscarel_ca, Corticium_, Oopsacas_m, Heteroc_ca, Aphroca_va, Suberit_do, Suberit_fu, Asbesto_sp, Tethya_wil, Astrosc_wi, Lubomir_ba, Ephydat_mu, Pachydi_gl, Amphime_qu, Cratero_me, Carteri_fo)), (Podocor_ca, Hydract_ec, Hydra_vulg, Hydra_magn, Clytia_hem, Nematos_ve, Metridi_se, Acropor_mi, Acropor_hy, Acropor_pa, Porites___, Cyanea_cap, Montast_fa, Petromy_ma, Danio_reri, Molgula_te, Ciona_inte, Branchi_fl, Saccogl_ko, Tubifex_tu, Helobde_ro, Capitel_sp, Crassos_gi, Aplysia_ca, Nasonia_vi, Daphnia_pu, Ixodes_sca, Anoplod_er, Euprymn_sc, Pedicel_ce, Pedicul_hu, Scutige_co, Strongy_pu, Xenotur_bo)));"	15	FALSE	NA	NA	1000	"/Users/caitlincherryh/Documents/C3_TreeMixtures_Sponges/03_Software_IQ-Tree/iqtree-2.2.0-MacOSX/bin/iqtree2 -s Nosenko2013.ribosomal_14615_smatrix.aa.alignment.phy -m 'Nosenko2013.ribosomal_14615_smatrix.PMSF_C60.ssfp.sitefreq{0.3960,0.0917,0.2450,0.5574,0.2293,1.5905,0.1297,3.5653}' -bb 1000 -g /Users/caitlincherryh/Documents/C3_TreeMixtures_Sponges/04_output/constraint_trees/Nosenko2013.ribosomal_14615_smatrix.constraint_tree_3.nex -nt 15 -pre Nosenko2013.ribosomal_14615_smatrix.PMSF_C60.ML_H3 "
"Nosenko2013"	"ribosomal_14615_smatrix"	"PMSF_C60"	"Nosenko2013.ribosomal_14615_smatrix.PMSF_C60"	"'C60+F+R4':Nosenko2013.ribosomal_14615_smatrix.PMSF_C60.ssfp.sitefreq"	"0.3960,0.0917,0.2450,0.5574,0.2293,1.5905,0.1297,3.5653"	NA	"State frequencies from model"	"Ctenophora-sister (Paraphyletic sponges)"	4	"Nosenko2013.ribosomal_14615_smatrix.PMSF_C60.ML_C4"	"/Users/caitlincherryh/Documents/C3_TreeMixtures_Sponges/04_output/constraint_trees/Nosenko2013.ribosomal_14615_smatrix.constraint_tree_4.nex"	"Nosenko2013.ribosomal_14615_smatrix.PMSF_C60.ML_H4"	"Nosenko2013.ribosomal_14615_smatrix.aa.alignment.phy"	"/Users/caitlincherryh/Documents/C3_TreeMixtures_Sponges/03_Software_IQ-Tree/iqtree-2.2.0-MacOSX/bin/iqtree2"	"((Monosig_ov, Protero_sp, Monosig_br, Allomyc_ma, Batrach_de, Phycomy_bl, Spizell_pu, Capsasp_ow, Amoebid_pa, Sphaero_ar), ((Mnemiop_le, Beroe_sp__, Mertens_sp, Pleurob_pi), ((Sycon_raph, Leucett_ch, Leucoso_sp, Oscarel_sp, Oscarel_lo, Oscarel_ca, Corticium_), ((Cratero_me, Oopsacas_m, Heteroc_ca, Aphroca_va, Suberit_do, Suberit_fu, Asbesto_sp, Tethya_wil, Astrosc_wi, Lubomir_ba, Ephydat_mu, Pachydi_gl, Amphime_qu, Carteri_fo), (Podocor_ca, Hydract_ec, Hydra_vulg, Hydra_magn, Clytia_hem, Nematos_ve, Metridi_se, Acropor_mi, Acropor_hy, Acropor_pa, Porites___, Cyanea_cap, Montast_fa, Petromy_ma, Danio_reri, Molgula_te, Ciona_inte, Branchi_fl, Saccogl_ko, Tubifex_tu, Helobde_ro, Capitel_sp, Crassos_gi, Aplysia_ca, Nasonia_vi, Daphnia_pu, Ixodes_sca, Anoplod_er, Euprymn_sc, Pedicel_ce, Pedicul_hu, Scutige_co, Strongy_pu, Xenotur_bo)))));"	15	FALSE	NA	NA	1000	"/Users/caitlincherryh/Documents/C3_TreeMixtures_Sponges/03_Software_IQ-Tree/iqtree-2.2.0-MacOSX/bin/iqtree2 -s Nosenko2013.ribosomal_14615_smatrix.aa.alignment.phy -m 'Nosenko2013.ribosomal_14615_smatrix.PMSF_C60.ssfp.sitefreq{0.3960,0.0917,0.2450,0.5574,0.2293,1.5905,0.1297,3.5653}' -bb 1000 -g /Users/caitlincherryh/Documents/C3_TreeMixtures_Sponges/04_output/constraint_trees/Nosenko2013.ribosomal_14615_smatrix.constraint_tree_4.nex -nt 15 -pre Nosenko2013.ribosomal_14615_smatrix.PMSF_C60.ML_H4 "
"Nosenko2013"	"ribosomal_14615_smatrix"	"PMSF_C60"	"Nosenko2013.ribosomal_14615_smatrix.PMSF_C60"	"'C60+F+R4':Nosenko2013.ribosomal_14615_smatrix.PMSF_C60.ssfp.sitefreq"	"0.3960,0.0917,0.2450,0.5574,0.2293,1.5905,0.1297,3.5653"	NA	"State frequencies from model"	"Porifera-sister (Paraphyletic sponges)"	5	"Nosenko2013.ribosomal_14615_smatrix.PMSF_C60.ML_C5"	"/Users/caitlincherryh/Documents/C3_TreeMixtures_Sponges/04_output/constraint_trees/Nosenko2013.ribosomal_14615_smatrix.constraint_tree_5.nex"	"Nosenko2013.ribosomal_14615_smatrix.PMSF_C60.ML_H5"	"Nosenko2013.ribosomal_14615_smatrix.aa.alignment.phy"	"/Users/caitlincherryh/Documents/C3_TreeMixtures_Sponges/03_Software_IQ-Tree/iqtree-2.2.0-MacOSX/bin/iqtree2"	"((Monosig_ov, Protero_sp, Monosig_br, Allomyc_ma, Batrach_de, Phycomy_bl, Spizell_pu, Capsasp_ow, Amoebid_pa, Sphaero_ar), ((Sycon_raph, Leucett_ch, Leucoso_sp, Oscarel_sp, Oscarel_lo, Oscarel_ca, Corticium_), ((Cratero_me, Oopsacas_m, Heteroc_ca, Aphroca_va, Suberit_do, Suberit_fu, Asbesto_sp, Tethya_wil, Astrosc_wi, Lubomir_ba, Ephydat_mu, Pachydi_gl, Amphime_qu, Carteri_fo), ((Mnemiop_le, Beroe_sp__, Mertens_sp, Pleurob_pi), (Podocor_ca, Hydract_ec, Hydra_vulg, Hydra_magn, Clytia_hem, Nematos_ve, Metridi_se, Acropor_mi, Acropor_hy, Acropor_pa, Porites___, Cyanea_cap, Montast_fa, Petromy_ma, Danio_reri, Molgula_te, Ciona_inte, Branchi_fl, Saccogl_ko, Tubifex_tu, Helobde_ro, Capitel_sp, Crassos_gi, Aplysia_ca, Nasonia_vi, Daphnia_pu, Ixodes_sca, Anoplod_er, Euprymn_sc, Pedicel_ce, Pedicul_hu, Scutige_co, Strongy_pu, Xenotur_bo)))));"	15	FALSE	NA	NA	1000	"/Users/caitlincherryh/Documents/C3_TreeMixtures_Sponges/03_Software_IQ-Tree/iqtree-2.2.0-MacOSX/bin/iqtree2 -s Nosenko2013.ribosomal_14615_smatrix.aa.alignment.phy -m 'Nosenko2013.ribosomal_14615_smatrix.PMSF_C60.ssfp.sitefreq{0.3960,0.0917,0.2450,0.5574,0.2293,1.5905,0.1297,3.5653}' -bb 1000 -g /Users/caitlincherryh/Documents/C3_TreeMixtures_Sponges/04_output/constraint_trees/Nosenko2013.ribosomal_14615_smatrix.constraint_tree_5.nex -nt 15 -pre Nosenko2013.ribosomal_14615_smatrix.PMSF_C60.ML_H5 "
"Philippe2009"	"Philippe_etal_superalignment_FixedNames"	"PMSF_C60"	"Philippe2009.Philippe_etal_superalignment_FixedNames.PMSF_C60"	"'C60+F+R4':Philippe2009.Philippe_etal_superalignment_FixedNames.PMSF_C60.ssfp.sitefreq"	"0.4174,0.0533,0.2597,0.5686,0.2119,1.7873,0.1110,4.0678"	NA	"State frequencies from model"	"Ctenophora-sister"	1	"Philippe2009.Philippe_etal_superalignment_FixedNames.PMSF_C60.ML_C1"	"/Users/caitlincherryh/Documents/C3_TreeMixtures_Sponges/04_output/constraint_trees/Philippe2009.Philippe_etal_superalignment_FixedNames.constraint_tree_1.nex"	"Philippe2009.Philippe_etal_superalignment_FixedNames.PMSF_C60.ML_H1"	"Philippe2009.Philippe_etal_superalignment_FixedNames.aa.alignment.nex"	"/Users/caitlincherryh/Documents/C3_TreeMixtures_Sponges/03_Software_IQ-Tree/iqtree-2.2.0-MacOSX/bin/iqtree2"	"((Spizellomyces_punctatus, Batrachochytrium_dendrobatidis, AllomycesXmacrogynus, RhizopusXoryzae, Phycomyces_blakesleeanus, Sphaeroforma_arctica, Amoebidium_parasiticum, Capsaspora_owczarzaki, MonosigaXovata, Proterospongia_sp, MonosigaXbrevicollis), ((Pleurobrachia_pileus, mertensiid_sp, Mnemiopsis_leidyi), ((Oscarella_carmela, SyconXraphanus, LeucettaXchagosensis, OopsacasXminuta, Heterochone_sp, Carteriospongia_foliascens, RenieraXsp, Suberites_domuncula, Ephydatia_muelleri), (Nematostella_vectensis, Metridium_senile, Montastraea_faveolata, Acropora_millepora, CyaneaXcapillata, HydraXmagnipapillata, ClytiaXhemisphaerica, Podocoryne_carnea, Hydractinia_echinata, Xenoturbella_bocki, Strongylocentrotus_purpuratus, Saccoglossus_kowalevskii, Branchiostoma_floridae, Petromyzon_marinus, Danio_rerio, Molgula_tectiformis, CionaXsavignyi, Euprymna_scolopes, Crassostrea_gigas, AplysiaXcalifornica, Pedicellina_cernua, Capitella_sp__i_ecs-2004, TubifexXtubifex, Helobdella_robusta, DaphniaXpulex, PediculusXhumanus, NasoniaXvitripennis, ScutigeraXcoleoptrata, IxodesXscapularis, Anoplodactylus_eroticus, Euperipatoides_kanangrensis))));"	15	FALSE	NA	NA	1000	"/Users/caitlincherryh/Documents/C3_TreeMixtures_Sponges/03_Software_IQ-Tree/iqtree-2.2.0-MacOSX/bin/iqtree2 -s Philippe2009.Philippe_etal_superalignment_FixedNames.aa.alignment.nex -m 'Philippe2009.Philippe_etal_superalignment_FixedNames.PMSF_C60.ssfp.sitefreq{0.4174,0.0533,0.2597,0.5686,0.2119,1.7873,0.1110,4.0678}' -bb 1000 -g /Users/caitlincherryh/Documents/C3_TreeMixtures_Sponges/04_output/constraint_trees/Philippe2009.Philippe_etal_superalignment_FixedNames.constraint_tree_1.nex -nt 15 -pre Philippe2009.Philippe_etal_superalignment_FixedNames.PMSF_C60.ML_H1 "
"Philippe2009"	"Philippe_etal_superalignment_FixedNames"	"PMSF_C60"	"Philippe2009.Philippe_etal_superalignment_FixedNames.PMSF_C60"	"'C60+F+R4':Philippe2009.Philippe_etal_superalignment_FixedNames.PMSF_C60.ssfp.sitefreq"	"0.4174,0.0533,0.2597,0.5686,0.2119,1.7873,0.1110,4.0678"	NA	"State frequencies from model"	"Porifera-sister"	2	"Philippe2009.Philippe_etal_superalignment_FixedNames.PMSF_C60.ML_C2"	"/Users/caitlincherryh/Documents/C3_TreeMixtures_Sponges/04_output/constraint_trees/Philippe2009.Philippe_etal_superalignment_FixedNames.constraint_tree_2.nex"	"Philippe2009.Philippe_etal_superalignment_FixedNames.PMSF_C60.ML_H2"	"Philippe2009.Philippe_etal_superalignment_FixedNames.aa.alignment.nex"	"/Users/caitlincherryh/Documents/C3_TreeMixtures_Sponges/03_Software_IQ-Tree/iqtree-2.2.0-MacOSX/bin/iqtree2"	"((Spizellomyces_punctatus, Batrachochytrium_dendrobatidis, AllomycesXmacrogynus, RhizopusXoryzae, Phycomyces_blakesleeanus, Sphaeroforma_arctica, Amoebidium_parasiticum, Capsaspora_owczarzaki, MonosigaXovata, Proterospongia_sp, MonosigaXbrevicollis), ((Oscarella_carmela, SyconXraphanus, LeucettaXchagosensis, OopsacasXminuta, Heterochone_sp, Carteriospongia_foliascens, RenieraXsp, Suberites_domuncula, Ephydatia_muelleri), ((Pleurobrachia_pileus, mertensiid_sp, Mnemiopsis_leidyi), (Nematostella_vectensis, Metridium_senile, Montastraea_faveolata, Acropora_millepora, CyaneaXcapillata, HydraXmagnipapillata, ClytiaXhemisphaerica, Podocoryne_carnea, Hydractinia_echinata, Xenoturbella_bocki, Strongylocentrotus_purpuratus, Saccoglossus_kowalevskii, Branchiostoma_floridae, Petromyzon_marinus, Danio_rerio, Molgula_tectiformis, CionaXsavignyi, Euprymna_scolopes, Crassostrea_gigas, AplysiaXcalifornica, Pedicellina_cernua, Capitella_sp__i_ecs-2004, TubifexXtubifex, Helobdella_robusta, DaphniaXpulex, PediculusXhumanus, NasoniaXvitripennis, ScutigeraXcoleoptrata, IxodesXscapularis, Anoplodactylus_eroticus, Euperipatoides_kanangrensis))));"	15	FALSE	NA	NA	1000	"/Users/caitlincherryh/Documents/C3_TreeMixtures_Sponges/03_Software_IQ-Tree/iqtree-2.2.0-MacOSX/bin/iqtree2 -s Philippe2009.Philippe_etal_superalignment_FixedNames.aa.alignment.nex -m 'Philippe2009.Philippe_etal_superalignment_FixedNames.PMSF_C60.ssfp.sitefreq{0.4174,0.0533,0.2597,0.5686,0.2119,1.7873,0.1110,4.0678}' -bb 1000 -g /Users/caitlincherryh/Documents/C3_TreeMixtures_Sponges/04_output/constraint_trees/Philippe2009.Philippe_etal_superalignment_FixedNames.constraint_tree_2.nex -nt 15 -pre Philippe2009.Philippe_etal_superalignment_FixedNames.PMSF_C60.ML_H2 "
"Philippe2009"	"Philippe_etal_superalignment_FixedNames"	"PMSF_C60"	"Philippe2009.Philippe_etal_superalignment_FixedNames.PMSF_C60"	"'C60+F+R4':Philippe2009.Philippe_etal_superalignment_FixedNames.PMSF_C60.ssfp.sitefreq"	"0.4174,0.0533,0.2597,0.5686,0.2119,1.7873,0.1110,4.0678"	NA	"State frequencies from model"	"(Ctenophora+Porifera)-sister"	3	"Philippe2009.Philippe_etal_superalignment_FixedNames.PMSF_C60.ML_C3"	"/Users/caitlincherryh/Documents/C3_TreeMixtures_Sponges/04_output/constraint_trees/Philippe2009.Philippe_etal_superalignment_FixedNames.constraint_tree_3.nex"	"Philippe2009.Philippe_etal_superalignment_FixedNames.PMSF_C60.ML_H3"	"Philippe2009.Philippe_etal_superalignment_FixedNames.aa.alignment.nex"	"/Users/caitlincherryh/Documents/C3_TreeMixtures_Sponges/03_Software_IQ-Tree/iqtree-2.2.0-MacOSX/bin/iqtree2"	"((Spizellomyces_punctatus, Batrachochytrium_dendrobatidis, AllomycesXmacrogynus, RhizopusXoryzae, Phycomyces_blakesleeanus, Sphaeroforma_arctica, Amoebidium_parasiticum, Capsaspora_owczarzaki, MonosigaXovata, Proterospongia_sp, MonosigaXbrevicollis), (((Pleurobrachia_pileus, mertensiid_sp, Mnemiopsis_leidyi), (Oscarella_carmela, SyconXraphanus, LeucettaXchagosensis, OopsacasXminuta, Heterochone_sp, Carteriospongia_foliascens, RenieraXsp, Suberites_domuncula, Ephydatia_muelleri)), (Nematostella_vectensis, Metridium_senile, Montastraea_faveolata, Acropora_millepora, CyaneaXcapillata, HydraXmagnipapillata, ClytiaXhemisphaerica, Podocoryne_carnea, Hydractinia_echinata, Xenoturbella_bocki, Strongylocentrotus_purpuratus, Saccoglossus_kowalevskii, Branchiostoma_floridae, Petromyzon_marinus, Danio_rerio, Molgula_tectiformis, CionaXsavignyi, Euprymna_scolopes, Crassostrea_gigas, AplysiaXcalifornica, Pedicellina_cernua, Capitella_sp__i_ecs-2004, TubifexXtubifex, Helobdella_robusta, DaphniaXpulex, PediculusXhumanus, NasoniaXvitripennis, ScutigeraXcoleoptrata, IxodesXscapularis, Anoplodactylus_eroticus, Euperipatoides_kanangrensis)));"	15	FALSE	NA	NA	1000	"/Users/caitlincherryh/Documents/C3_TreeMixtures_Sponges/03_Software_IQ-Tree/iqtree-2.2.0-MacOSX/bin/iqtree2 -s Philippe2009.Philippe_etal_superalignment_FixedNames.aa.alignment.nex -m 'Philippe2009.Philippe_etal_superalignment_FixedNames.PMSF_C60.ssfp.sitefreq{0.4174,0.0533,0.2597,0.5686,0.2119,1.7873,0.1110,4.0678}' -bb 1000 -g /Users/caitlincherryh/Documents/C3_TreeMixtures_Sponges/04_output/constraint_trees/Philippe2009.Philippe_etal_superalignment_FixedNames.constraint_tree_3.nex -nt 15 -pre Philippe2009.Philippe_etal_superalignment_FixedNames.PMSF_C60.ML_H3 "
"Philippe2009"	"Philippe_etal_superalignment_FixedNames"	"PMSF_C60"	"Philippe2009.Philippe_etal_superalignment_FixedNames.PMSF_C60"	"'C60+F+R4':Philippe2009.Philippe_etal_superalignment_FixedNames.PMSF_C60.ssfp.sitefreq"	"0.4174,0.0533,0.2597,0.5686,0.2119,1.7873,0.1110,4.0678"	NA	"State frequencies from model"	"Ctenophora-sister (Paraphyletic sponges)"	4	"Philippe2009.Philippe_etal_superalignment_FixedNames.PMSF_C60.ML_C4"	"/Users/caitlincherryh/Documents/C3_TreeMixtures_Sponges/04_output/constraint_trees/Philippe2009.Philippe_etal_superalignment_FixedNames.constraint_tree_4.nex"	"Philippe2009.Philippe_etal_superalignment_FixedNames.PMSF_C60.ML_H4"	"Philippe2009.Philippe_etal_superalignment_FixedNames.aa.alignment.nex"	"/Users/caitlincherryh/Documents/C3_TreeMixtures_Sponges/03_Software_IQ-Tree/iqtree-2.2.0-MacOSX/bin/iqtree2"	"((Spizellomyces_punctatus, Batrachochytrium_dendrobatidis, AllomycesXmacrogynus, RhizopusXoryzae, Phycomyces_blakesleeanus, Sphaeroforma_arctica, Amoebidium_parasiticum, Capsaspora_owczarzaki, MonosigaXovata, Proterospongia_sp, MonosigaXbrevicollis), ((Pleurobrachia_pileus, mertensiid_sp, Mnemiopsis_leidyi), ((SyconXraphanus, LeucettaXchagosensis, Oscarella_carmela), ((OopsacasXminuta, Heterochone_sp, Carteriospongia_foliascens, RenieraXsp, Suberites_domuncula, Ephydatia_muelleri), (Nematostella_vectensis, Metridium_senile, Montastraea_faveolata, Acropora_millepora, CyaneaXcapillata, HydraXmagnipapillata, ClytiaXhemisphaerica, Podocoryne_carnea, Hydractinia_echinata, Xenoturbella_bocki, Strongylocentrotus_purpuratus, Saccoglossus_kowalevskii, Branchiostoma_floridae, Petromyzon_marinus, Danio_rerio, Molgula_tectiformis, CionaXsavignyi, Euprymna_scolopes, Crassostrea_gigas, AplysiaXcalifornica, Pedicellina_cernua, Capitella_sp__i_ecs-2004, TubifexXtubifex, Helobdella_robusta, DaphniaXpulex, PediculusXhumanus, NasoniaXvitripennis, ScutigeraXcoleoptrata, IxodesXscapularis, Anoplodactylus_eroticus, Euperipatoides_kanangrensis)))));"	15	FALSE	NA	NA	1000	"/Users/caitlincherryh/Documents/C3_TreeMixtures_Sponges/03_Software_IQ-Tree/iqtree-2.2.0-MacOSX/bin/iqtree2 -s Philippe2009.Philippe_etal_superalignment_FixedNames.aa.alignment.nex -m 'Philippe2009.Philippe_etal_superalignment_FixedNames.PMSF_C60.ssfp.sitefreq{0.4174,0.0533,0.2597,0.5686,0.2119,1.7873,0.1110,4.0678}' -bb 1000 -g /Users/caitlincherryh/Documents/C3_TreeMixtures_Sponges/04_output/constraint_trees/Philippe2009.Philippe_etal_superalignment_FixedNames.constraint_tree_4.nex -nt 15 -pre Philippe2009.Philippe_etal_superalignment_FixedNames.PMSF_C60.ML_H4 "
"Philippe2009"	"Philippe_etal_superalignment_FixedNames"	"PMSF_C60"	"Philippe2009.Philippe_etal_superalignment_FixedNames.PMSF_C60"	"'C60+F+R4':Philippe2009.Philippe_etal_superalignment_FixedNames.PMSF_C60.ssfp.sitefreq"	"0.4174,0.0533,0.2597,0.5686,0.2119,1.7873,0.1110,4.0678"	NA	"State frequencies from model"	"Porifera-sister (Paraphyletic sponges)"	5	"Philippe2009.Philippe_etal_superalignment_FixedNames.PMSF_C60.ML_C5"	"/Users/caitlincherryh/Documents/C3_TreeMixtures_Sponges/04_output/constraint_trees/Philippe2009.Philippe_etal_superalignment_FixedNames.constraint_tree_5.nex"	"Philippe2009.Philippe_etal_superalignment_FixedNames.PMSF_C60.ML_H5"	"Philippe2009.Philippe_etal_superalignment_FixedNames.aa.alignment.nex"	"/Users/caitlincherryh/Documents/C3_TreeMixtures_Sponges/03_Software_IQ-Tree/iqtree-2.2.0-MacOSX/bin/iqtree2"	"((Spizellomyces_punctatus, Batrachochytrium_dendrobatidis, AllomycesXmacrogynus, RhizopusXoryzae, Phycomyces_blakesleeanus, Sphaeroforma_arctica, Amoebidium_parasiticum, Capsaspora_owczarzaki, MonosigaXovata, Proterospongia_sp, MonosigaXbrevicollis), ((SyconXraphanus, LeucettaXchagosensis, Oscarella_carmela), ((OopsacasXminuta, Heterochone_sp, Carteriospongia_foliascens, RenieraXsp, Suberites_domuncula, Ephydatia_muelleri), ((Pleurobrachia_pileus, mertensiid_sp, Mnemiopsis_leidyi), (Nematostella_vectensis, Metridium_senile, Montastraea_faveolata, Acropora_millepora, CyaneaXcapillata, HydraXmagnipapillata, ClytiaXhemisphaerica, Podocoryne_carnea, Hydractinia_echinata, Xenoturbella_bocki, Strongylocentrotus_purpuratus, Saccoglossus_kowalevskii, Branchiostoma_floridae, Petromyzon_marinus, Danio_rerio, Molgula_tectiformis, CionaXsavignyi, Euprymna_scolopes, Crassostrea_gigas, AplysiaXcalifornica, Pedicellina_cernua, Capitella_sp__i_ecs-2004, TubifexXtubifex, Helobdella_robusta, DaphniaXpulex, PediculusXhumanus, NasoniaXvitripennis, ScutigeraXcoleoptrata, IxodesXscapularis, Anoplodactylus_eroticus, Euperipatoides_kanangrensis)))));"	15	FALSE	NA	NA	1000	"/Users/caitlincherryh/Documents/C3_TreeMixtures_Sponges/03_Software_IQ-Tree/iqtree-2.2.0-MacOSX/bin/iqtree2 -s Philippe2009.Philippe_etal_superalignment_FixedNames.aa.alignment.nex -m 'Philippe2009.Philippe_etal_superalignment_FixedNames.PMSF_C60.ssfp.sitefreq{0.4174,0.0533,0.2597,0.5686,0.2119,1.7873,0.1110,4.0678}' -bb 1000 -g /Users/caitlincherryh/Documents/C3_TreeMixtures_Sponges/04_output/constraint_trees/Philippe2009.Philippe_etal_superalignment_FixedNames.constraint_tree_5.nex -nt 15 -pre Philippe2009.Philippe_etal_superalignment_FixedNames.PMSF_C60.ML_H5 "
"Whelan2017"	"Metazoa_Choano_RCFV_strict"	"PMSF_C60"	"Whelan2017.Metazoa_Choano_RCFV_strict.PMSF_C60"	"'C60+F+R4':Whelan2017.Metazoa_Choano_RCFV_strict.PMSF_C60.ssfp.sitefreq"	"0.2920,0.0687,0.2875,0.4845,0.2879,1.4226,0.1326,3.2500"	NA	"State frequencies from model"	"Ctenophora-sister"	1	"Whelan2017.Metazoa_Choano_RCFV_strict.PMSF_C60.ML_C1"	"/Users/caitlincherryh/Documents/C3_TreeMixtures_Sponges/04_output/constraint_trees/Whelan2017.Metazoa_Choano_RCFV_strict.constraint_tree_1.nex"	"Whelan2017.Metazoa_Choano_RCFV_strict.PMSF_C60.ML_H1"	"Whelan2017.Metazoa_Choano_RCFV_strict.aa.alignment.fa"	"/Users/caitlincherryh/Documents/C3_TreeMixtures_Sponges/03_Software_IQ-Tree/iqtree-2.2.0-MacOSX/bin/iqtree2"	"((Salpingoeca_pyxidium, Monosiga_ovata, Acanthoeca_sp, Salpingoeca_rosetta, Monosiga_brevicolis), ((Euplokamis_dunlapae, Vallicula_sp, Coeloplana_astericola, Hormiphora_californica, Hormiphora_palmata, Pleurobrachia_pileus, Pleurobrachia_bachei, Pleurobrachia_sp_South_Carolina_USA, Cydippida_sp_Maryland_USA, Callianira_Antarctica, Mertensiidae_sp_Antarctica, Mertensiidae_sp_Washington_USA, Cydippida_sp, Dryodora_glandiformis, Lobatolampea_tetragona, Beroe_abyssicola, Beroe_sp_Antarctica, Beroe_ovata, Beroe_sp_Queensland_Australia, Beroe_forskalii, Ocyropsis_sp_Bimini_Bahamas, Ocyropsis_crystallina, Ocyropsis_sp_Florida_USA, Bolinopsis_infundibulum, Mnemiopsis_leidyi, Bolinopsis_ashleyi, Lobata_sp_Punta_Arenas_Argentina, Eurhamphaea_vexilligera, Cestum_veneris, Ctenophora_sp_Florida_USA), ((Cliona_varians, Sycon_coactum, Sycon_ciliatum, Corticium_candelabrum, Oscarella_carmela, Hyalonema_populiferum, Aphrocallistes_vastus, Rossella_fibulata, Sympagella_nux, Ircinia_fasciculata, Chondrilla_nucula, Amphimedon_queenslandica, Petrosia_ficiformis, Spongilla_lacustris, Pseudospongosorites_suberitoides, Mycale_phylophylla, Latrunculia_apicalis, Crella_elegans, Kirkpatrickia_variolosa), (Hydra_vulgaris, Bolocera_tuediae, Aiptasia_pallida, Hormathia_digitata, Nematostella_vectensis, Acropora_digitifera, Eunicella_verrucosa, Hydra_viridissima, Hydra_oligactis, Physalia_physalia, Abylopsis_tetragona, Craseo_lathetica, Nanomia_bijuga, Agalma_elegans, Periphyla_periphyla, Homo_sapiens, Strongylocentrotus_purpatus, Hemithris_psittacea, Capitella_teleta, Drosophila_melanogaster, Daphnia_pulex))));"	15	FALSE	NA	NA	1000	"/Users/caitlincherryh/Documents/C3_TreeMixtures_Sponges/03_Software_IQ-Tree/iqtree-2.2.0-MacOSX/bin/iqtree2 -s Whelan2017.Metazoa_Choano_RCFV_strict.aa.alignment.fa -m 'Whelan2017.Metazoa_Choano_RCFV_strict.PMSF_C60.ssfp.sitefreq{0.2920,0.0687,0.2875,0.4845,0.2879,1.4226,0.1326,3.2500}' -bb 1000 -g /Users/caitlincherryh/Documents/C3_TreeMixtures_Sponges/04_output/constraint_trees/Whelan2017.Metazoa_Choano_RCFV_strict.constraint_tree_1.nex -nt 15 -pre Whelan2017.Metazoa_Choano_RCFV_strict.PMSF_C60.ML_H1 "
"Whelan2017"	"Metazoa_Choano_RCFV_strict"	"PMSF_C60"	"Whelan2017.Metazoa_Choano_RCFV_strict.PMSF_C60"	"'C60+F+R4':Whelan2017.Metazoa_Choano_RCFV_strict.PMSF_C60.ssfp.sitefreq"	"0.2920,0.0687,0.2875,0.4845,0.2879,1.4226,0.1326,3.2500"	NA	"State frequencies from model"	"Porifera-sister"	2	"Whelan2017.Metazoa_Choano_RCFV_strict.PMSF_C60.ML_C2"	"/Users/caitlincherryh/Documents/C3_TreeMixtures_Sponges/04_output/constraint_trees/Whelan2017.Metazoa_Choano_RCFV_strict.constraint_tree_2.nex"	"Whelan2017.Metazoa_Choano_RCFV_strict.PMSF_C60.ML_H2"	"Whelan2017.Metazoa_Choano_RCFV_strict.aa.alignment.fa"	"/Users/caitlincherryh/Documents/C3_TreeMixtures_Sponges/03_Software_IQ-Tree/iqtree-2.2.0-MacOSX/bin/iqtree2"	"((Salpingoeca_pyxidium, Monosiga_ovata, Acanthoeca_sp, Salpingoeca_rosetta, Monosiga_brevicolis), ((Cliona_varians, Sycon_coactum, Sycon_ciliatum, Corticium_candelabrum, Oscarella_carmela, Hyalonema_populiferum, Aphrocallistes_vastus, Rossella_fibulata, Sympagella_nux, Ircinia_fasciculata, Chondrilla_nucula, Amphimedon_queenslandica, Petrosia_ficiformis, Spongilla_lacustris, Pseudospongosorites_suberitoides, Mycale_phylophylla, Latrunculia_apicalis, Crella_elegans, Kirkpatrickia_variolosa), ((Euplokamis_dunlapae, Vallicula_sp, Coeloplana_astericola, Hormiphora_californica, Hormiphora_palmata, Pleurobrachia_pileus, Pleurobrachia_bachei, Pleurobrachia_sp_South_Carolina_USA, Cydippida_sp_Maryland_USA, Callianira_Antarctica, Mertensiidae_sp_Antarctica, Mertensiidae_sp_Washington_USA, Cydippida_sp, Dryodora_glandiformis, Lobatolampea_tetragona, Beroe_abyssicola, Beroe_sp_Antarctica, Beroe_ovata, Beroe_sp_Queensland_Australia, Beroe_forskalii, Ocyropsis_sp_Bimini_Bahamas, Ocyropsis_crystallina, Ocyropsis_sp_Florida_USA, Bolinopsis_infundibulum, Mnemiopsis_leidyi, Bolinopsis_ashleyi, Lobata_sp_Punta_Arenas_Argentina, Eurhamphaea_vexilligera, Cestum_veneris, Ctenophora_sp_Florida_USA), (Hydra_vulgaris, Bolocera_tuediae, Aiptasia_pallida, Hormathia_digitata, Nematostella_vectensis, Acropora_digitifera, Eunicella_verrucosa, Hydra_viridissima, Hydra_oligactis, Physalia_physalia, Abylopsis_tetragona, Craseo_lathetica, Nanomia_bijuga, Agalma_elegans, Periphyla_periphyla, Homo_sapiens, Strongylocentrotus_purpatus, Hemithris_psittacea, Capitella_teleta, Drosophila_melanogaster, Daphnia_pulex))));"	15	FALSE	NA	NA	1000	"/Users/caitlincherryh/Documents/C3_TreeMixtures_Sponges/03_Software_IQ-Tree/iqtree-2.2.0-MacOSX/bin/iqtree2 -s Whelan2017.Metazoa_Choano_RCFV_strict.aa.alignment.fa -m 'Whelan2017.Metazoa_Choano_RCFV_strict.PMSF_C60.ssfp.sitefreq{0.2920,0.0687,0.2875,0.4845,0.2879,1.4226,0.1326,3.2500}' -bb 1000 -g /Users/caitlincherryh/Documents/C3_TreeMixtures_Sponges/04_output/constraint_trees/Whelan2017.Metazoa_Choano_RCFV_strict.constraint_tree_2.nex -nt 15 -pre Whelan2017.Metazoa_Choano_RCFV_strict.PMSF_C60.ML_H2 "
"Whelan2017"	"Metazoa_Choano_RCFV_strict"	"PMSF_C60"	"Whelan2017.Metazoa_Choano_RCFV_strict.PMSF_C60"	"'C60+F+R4':Whelan2017.Metazoa_Choano_RCFV_strict.PMSF_C60.ssfp.sitefreq"	"0.2920,0.0687,0.2875,0.4845,0.2879,1.4226,0.1326,3.2500"	NA	"State frequencies from model"	"(Ctenophora+Porifera)-sister"	3	"Whelan2017.Metazoa_Choano_RCFV_strict.PMSF_C60.ML_C3"	"/Users/caitlincherryh/Documents/C3_TreeMixtures_Sponges/04_output/constraint_trees/Whelan2017.Metazoa_Choano_RCFV_strict.constraint_tree_3.nex"	"Whelan2017.Metazoa_Choano_RCFV_strict.PMSF_C60.ML_H3"	"Whelan2017.Metazoa_Choano_RCFV_strict.aa.alignment.fa"	"/Users/caitlincherryh/Documents/C3_TreeMixtures_Sponges/03_Software_IQ-Tree/iqtree-2.2.0-MacOSX/bin/iqtree2"	"((Salpingoeca_pyxidium, Monosiga_ovata, Acanthoeca_sp, Salpingoeca_rosetta, Monosiga_brevicolis), (((Euplokamis_dunlapae, Vallicula_sp, Coeloplana_astericola, Hormiphora_californica, Hormiphora_palmata, Pleurobrachia_pileus, Pleurobrachia_bachei, Pleurobrachia_sp_South_Carolina_USA, Cydippida_sp_Maryland_USA, Callianira_Antarctica, Mertensiidae_sp_Antarctica, Mertensiidae_sp_Washington_USA, Cydippida_sp, Dryodora_glandiformis, Lobatolampea_tetragona, Beroe_abyssicola, Beroe_sp_Antarctica, Beroe_ovata, Beroe_sp_Queensland_Australia, Beroe_forskalii, Ocyropsis_sp_Bimini_Bahamas, Ocyropsis_crystallina, Ocyropsis_sp_Florida_USA, Bolinopsis_infundibulum, Mnemiopsis_leidyi, Bolinopsis_ashleyi, Lobata_sp_Punta_Arenas_Argentina, Eurhamphaea_vexilligera, Cestum_veneris, Ctenophora_sp_Florida_USA), (Cliona_varians, Sycon_coactum, Sycon_ciliatum, Corticium_candelabrum, Oscarella_carmela, Hyalonema_populiferum, Aphrocallistes_vastus, Rossella_fibulata, Sympagella_nux, Ircinia_fasciculata, Chondrilla_nucula, Amphimedon_queenslandica, Petrosia_ficiformis, Spongilla_lacustris, Pseudospongosorites_suberitoides, Mycale_phylophylla, Latrunculia_apicalis, Crella_elegans, Kirkpatrickia_variolosa)), (Hydra_vulgaris, Bolocera_tuediae, Aiptasia_pallida, Hormathia_digitata, Nematostella_vectensis, Acropora_digitifera, Eunicella_verrucosa, Hydra_viridissima, Hydra_oligactis, Physalia_physalia, Abylopsis_tetragona, Craseo_lathetica, Nanomia_bijuga, Agalma_elegans, Periphyla_periphyla, Homo_sapiens, Strongylocentrotus_purpatus, Hemithris_psittacea, Capitella_teleta, Drosophila_melanogaster, Daphnia_pulex)));"	15	FALSE	NA	NA	1000	"/Users/caitlincherryh/Documents/C3_TreeMixtures_Sponges/03_Software_IQ-Tree/iqtree-2.2.0-MacOSX/bin/iqtree2 -s Whelan2017.Metazoa_Choano_RCFV_strict.aa.alignment.fa -m 'Whelan2017.Metazoa_Choano_RCFV_strict.PMSF_C60.ssfp.sitefreq{0.2920,0.0687,0.2875,0.4845,0.2879,1.4226,0.1326,3.2500}' -bb 1000 -g /Users/caitlincherryh/Documents/C3_TreeMixtures_Sponges/04_output/constraint_trees/Whelan2017.Metazoa_Choano_RCFV_strict.constraint_tree_3.nex -nt 15 -pre Whelan2017.Metazoa_Choano_RCFV_strict.PMSF_C60.ML_H3 "
"Whelan2017"	"Metazoa_Choano_RCFV_strict"	"PMSF_C60"	"Whelan2017.Metazoa_Choano_RCFV_strict.PMSF_C60"	"'C60+F+R4':Whelan2017.Metazoa_Choano_RCFV_strict.PMSF_C60.ssfp.sitefreq"	"0.2920,0.0687,0.2875,0.4845,0.2879,1.4226,0.1326,3.2500"	NA	"State frequencies from model"	"Ctenophora-sister (Paraphyletic sponges)"	4	"Whelan2017.Metazoa_Choano_RCFV_strict.PMSF_C60.ML_C4"	"/Users/caitlincherryh/Documents/C3_TreeMixtures_Sponges/04_output/constraint_trees/Whelan2017.Metazoa_Choano_RCFV_strict.constraint_tree_4.nex"	"Whelan2017.Metazoa_Choano_RCFV_strict.PMSF_C60.ML_H4"	"Whelan2017.Metazoa_Choano_RCFV_strict.aa.alignment.fa"	"/Users/caitlincherryh/Documents/C3_TreeMixtures_Sponges/03_Software_IQ-Tree/iqtree-2.2.0-MacOSX/bin/iqtree2"	"((Salpingoeca_pyxidium, Monosiga_ovata, Acanthoeca_sp, Salpingoeca_rosetta, Monosiga_brevicolis), ((Euplokamis_dunlapae, Vallicula_sp, Coeloplana_astericola, Hormiphora_californica, Hormiphora_palmata, Pleurobrachia_pileus, Pleurobrachia_bachei, Pleurobrachia_sp_South_Carolina_USA, Cydippida_sp_Maryland_USA, Callianira_Antarctica, Mertensiidae_sp_Antarctica, Mertensiidae_sp_Washington_USA, Cydippida_sp, Dryodora_glandiformis, Lobatolampea_tetragona, Beroe_abyssicola, Beroe_sp_Antarctica, Beroe_ovata, Beroe_sp_Queensland_Australia, Beroe_forskalii, Ocyropsis_sp_Bimini_Bahamas, Ocyropsis_crystallina, Ocyropsis_sp_Florida_USA, Bolinopsis_infundibulum, Mnemiopsis_leidyi, Bolinopsis_ashleyi, Lobata_sp_Punta_Arenas_Argentina, Eurhamphaea_vexilligera, Cestum_veneris, Ctenophora_sp_Florida_USA), ((Sycon_coactum, Sycon_ciliatum, Oscarella_carmela, Corticium_candelabrum), ((Hyalonema_populiferum, Sympagella_nux, Rossella_fibulata, Aphrocallistes_vastus, Ircinia_fasciculata, Chondrilla_nucula, Spongilla_lacustris, Cliona_varians, Pseudospongosorites_suberitoides, Mycale_phylophylla, Latrunculia_apicalis, Kirkpatrickia_variolosa, Crella_elegans, Petrosia_ficiformis, Amphimedon_queenslandica), (Hydra_vulgaris, Bolocera_tuediae, Aiptasia_pallida, Hormathia_digitata, Nematostella_vectensis, Acropora_digitifera, Eunicella_verrucosa, Hydra_viridissima, Hydra_oligactis, Physalia_physalia, Abylopsis_tetragona, Craseo_lathetica, Nanomia_bijuga, Agalma_elegans, Periphyla_periphyla, Homo_sapiens, Strongylocentrotus_purpatus, Hemithris_psittacea, Capitella_teleta, Drosophila_melanogaster, Daphnia_pulex)))));"	15	FALSE	NA	NA	1000	"/Users/caitlincherryh/Documents/C3_TreeMixtures_Sponges/03_Software_IQ-Tree/iqtree-2.2.0-MacOSX/bin/iqtree2 -s Whelan2017.Metazoa_Choano_RCFV_strict.aa.alignment.fa -m 'Whelan2017.Metazoa_Choano_RCFV_strict.PMSF_C60.ssfp.sitefreq{0.2920,0.0687,0.2875,0.4845,0.2879,1.4226,0.1326,3.2500}' -bb 1000 -g /Users/caitlincherryh/Documents/C3_TreeMixtures_Sponges/04_output/constraint_trees/Whelan2017.Metazoa_Choano_RCFV_strict.constraint_tree_4.nex -nt 15 -pre Whelan2017.Metazoa_Choano_RCFV_strict.PMSF_C60.ML_H4 "
"Whelan2017"	"Metazoa_Choano_RCFV_strict"	"PMSF_C60"	"Whelan2017.Metazoa_Choano_RCFV_strict.PMSF_C60"	"'C60+F+R4':Whelan2017.Metazoa_Choano_RCFV_strict.PMSF_C60.ssfp.sitefreq"	"0.2920,0.0687,0.2875,0.4845,0.2879,1.4226,0.1326,3.2500"	NA	"State frequencies from model"	"Porifera-sister (Paraphyletic sponges)"	5	"Whelan2017.Metazoa_Choano_RCFV_strict.PMSF_C60.ML_C5"	"/Users/caitlincherryh/Documents/C3_TreeMixtures_Sponges/04_output/constraint_trees/Whelan2017.Metazoa_Choano_RCFV_strict.constraint_tree_5.nex"	"Whelan2017.Metazoa_Choano_RCFV_strict.PMSF_C60.ML_H5"	"Whelan2017.Metazoa_Choano_RCFV_strict.aa.alignment.fa"	"/Users/caitlincherryh/Documents/C3_TreeMixtures_Sponges/03_Software_IQ-Tree/iqtree-2.2.0-MacOSX/bin/iqtree2"	"((Salpingoeca_pyxidium, Monosiga_ovata, Acanthoeca_sp, Salpingoeca_rosetta, Monosiga_brevicolis), ((Sycon_coactum, Sycon_ciliatum, Oscarella_carmela, Corticium_candelabrum), ((Hyalonema_populiferum, Sympagella_nux, Rossella_fibulata, Aphrocallistes_vastus, Ircinia_fasciculata, Chondrilla_nucula, Spongilla_lacustris, Cliona_varians, Pseudospongosorites_suberitoides, Mycale_phylophylla, Latrunculia_apicalis, Kirkpatrickia_variolosa, Crella_elegans, Petrosia_ficiformis, Amphimedon_queenslandica), ((Euplokamis_dunlapae, Vallicula_sp, Coeloplana_astericola, Hormiphora_californica, Hormiphora_palmata, Pleurobrachia_pileus, Pleurobrachia_bachei, Pleurobrachia_sp_South_Carolina_USA, Cydippida_sp_Maryland_USA, Callianira_Antarctica, Mertensiidae_sp_Antarctica, Mertensiidae_sp_Washington_USA, Cydippida_sp, Dryodora_glandiformis, Lobatolampea_tetragona, Beroe_abyssicola, Beroe_sp_Antarctica, Beroe_ovata, Beroe_sp_Queensland_Australia, Beroe_forskalii, Ocyropsis_sp_Bimini_Bahamas, Ocyropsis_crystallina, Ocyropsis_sp_Florida_USA, Bolinopsis_infundibulum, Mnemiopsis_leidyi, Bolinopsis_ashleyi, Lobata_sp_Punta_Arenas_Argentina, Eurhamphaea_vexilligera, Cestum_veneris, Ctenophora_sp_Florida_USA), (Hydra_vulgaris, Bolocera_tuediae, Aiptasia_pallida, Hormathia_digitata, Nematostella_vectensis, Acropora_digitifera, Eunicella_verrucosa, Hydra_viridissima, Hydra_oligactis, Physalia_physalia, Abylopsis_tetragona, Craseo_lathetica, Nanomia_bijuga, Agalma_elegans, Periphyla_periphyla, Homo_sapiens, Strongylocentrotus_purpatus, Hemithris_psittacea, Capitella_teleta, Drosophila_melanogaster, Daphnia_pulex)))));"	15	FALSE	NA	NA	1000	"/Users/caitlincherryh/Documents/C3_TreeMixtures_Sponges/03_Software_IQ-Tree/iqtree-2.2.0-MacOSX/bin/iqtree2 -s Whelan2017.Metazoa_Choano_RCFV_strict.aa.alignment.fa -m 'Whelan2017.Metazoa_Choano_RCFV_strict.PMSF_C60.ssfp.sitefreq{0.2920,0.0687,0.2875,0.4845,0.2879,1.4226,0.1326,3.2500}' -bb 1000 -g /Users/caitlincherryh/Documents/C3_TreeMixtures_Sponges/04_output/constraint_trees/Whelan2017.Metazoa_Choano_RCFV_strict.constraint_tree_5.nex -nt 15 -pre Whelan2017.Metazoa_Choano_RCFV_strict.PMSF_C60.ML_H5 "
